insert into clientes(nome, cnpj, contato, status) values
('Transportadora Alpha','12345678000191','(11)91234-5678','Ativo'),
('Logística Beta','23456789000182','(21)92345-6789','Ativo'),
('Distribuidora Gama','34567890000173','(31)93456-7890','Ativo'),
('Comercial Delta','45678901000164','(41)94567-8901','Ativo'),
('Importadora Epsilon','56789012000155','(51)95678-9012','Ativo'),
('Exportadora Zeta','67890123000146','(61)96789-0123','Ativo'),
('Serviços Eta','78901234000137','(71)97890-1234','Ativo'),
('Fornecedor Theta','89012345000128','(81)98901-2345','Ativo'),
('Distribuição Iota','90123456000119','(91)99012-3456','Ativo'),
('Comércio Kappa','01234567000100','(11)90123-4567','Ativo'),
('Logística Lambda','11234567000101','(11)91234-5678','Ativo'),
('Transportes Mu','12234567000102','(21)92345-6789','Ativo'),
('Distribuidora Nu','13234567000103','(31)93456-7890','Ativo'),
('Comercial Xi','14234567000104','(41)94567-8901','Ativo'),
('Importadora Omicron','15234567000105','(51)95678-9012','Ativo'),
('Exportadora Pi','16234567000106','(61)96789-0123','Ativo'),
('Serviços Rho','17234567000107','(71)97890-1234','Ativo'),
('Fornecedor Sigma','18234567000108','(81)98901-2345','Ativo'),
('Distribuição Tau','19234567000109','(91)99012-3456','Ativo'),
('Comércio Upsilon','20234567000110','(11)90123-4567','Ativo'),
('Transportadora Phi','21234567000111','(11)91234-5678','Ativo'),
('Logística Chi','22234567000112','(21)92345-6789','Ativo'),
('Distribuidora Psi','23234567000113','(31)93456-7890','Ativo'),
('Comercial Omega','24234567000114','(41)94567-8901','Ativo'),
('Importadora Alpha2','25234567000115','(51)95678-9012','Ativo'),
('Exportadora Beta2','26234567000116','(61)96789-0123','Ativo'),
('Serviços Gama2','27234567000117','(71)97890-1234','Ativo'),
('Fornecedor Delta2','28234567000118','(81)98901-2345','Ativo'),
('Distribuição Epsilon2','29234567000119','(91)99012-3456','Ativo'),
('Comércio Zeta2','30234567000120','(11)90123-4567','Ativo'),
('Logística Eta2','31234567000121','(11)91234-5678','Ativo'),
('Transportes Theta2','32234567000122','(21)92345-6789','Ativo'),
('Distribuidora Iota2','33234567000123','(31)93456-7890','Ativo'),
('Comercial Kappa2','34234567000124','(41)94567-8901','Ativo'),
('Importadora Lambda2','35234567000125','(51)95678-9012','Ativo'),
('Exportadora Mu2','36234567000126','(61)96789-0123','Ativo'),
('Serviços Nu2','37234567000127','(71)97890-1234','Ativo'),
('Fornecedor Xi2','38234567000128','(81)98901-2345','Ativo'),
('Distribuição Omicron2','39234567000129','(91)99012-3456','Ativo'),
('Comércio Pi2','40234567000130','(11)90123-4567','Ativo'),
('Transportadora Rho2','41234567000131','(11)91234-5678','Ativo'),
('Logística Sigma2','42234567000132','(21)92345-6789','Ativo'),
('Distribuidora Tau2','43234567000133','(31)93456-7890','Ativo'),
('Comercial Upsilon2','44234567000134','(41)94567-8901','Ativo'),
('Importadora Phi2','45234567000135','(51)95678-9012','Ativo'),
('Exportadora Chi2','46234567000136','(61)96789-0123','Ativo'),
('Serviços Psi2','47234567000137','(71)97890-1234','Ativo'),
('Fornecedor Omega2','48234567000138','(81)98901-2345','Ativo'),
('Distribuição Alpha3','49234567000139','(91)99012-3456','Ativo'),
('Comércio Beta3','50234567000140','(11)90123-4567','Ativo');

insert into motoristas(cnh, nome, telefone, status) values
('12345678901','João Silva','(11)91234-5678','Ativo'),
('23456789012','Maria Oliveira','(21)92345-6789','Ativo'),
('34567890123','Carlos Souza','(31)93456-7890','Ativo'),
('45678901234','Ana Costa','(41)94567-8901','Ativo'),
('56789012345','Pedro Lima','(51)95678-9012','Ativo'),
('67890123456','Juliana Alves','(61)96789-0123','Ativo'),
('78901234567','Rafael Pereira','(71)97890-1234','Ativo'),
('89012345678','Fernanda Rodrigues','(81)98901-2345','Ativo'),
('90123456789','Lucas Martins','(91)99012-3456','Ativo'),
('01234567890','Patrícia Gomes','(11)90123-4567','Ativo'),
('11234567890','Roberto Ferreira','(11)91234-5678','Ativo'),
('12234567891','Cláudia Mendes','(21)92345-6789','Ativo'),
('13234567892','Bruno Azevedo','(31)93456-7890','Ativo'),
('14234567893','Carla Pinto','(41)94567-8901','Ativo'),
('15234567894','Fábio Cardoso','(51)95678-9012','Ativo'),
('16234567895','Aline Barbosa','(61)96789-0123','Ativo'),
('17234567896','Marcelo Teixeira','(71)97890-1234','Ativo'),
('18234567897','Juliana Nunes','(81)98901-2345','Ativo'),
('19234567898','Thiago Rocha','(91)99012-3456','Ativo'),
('20234567899','Renata Dias','(11)90123-4567','Ativo'),
('21234567900','Gustavo Ramos','(11)91234-5678','Ativo'),
('22234567901','Mariana Freitas','(21)92345-6789','Ativo'),
('23234567902','Eduardo Lima','(31)93456-7890','Ativo'),
('24234567903','Beatriz Alves','(41)94567-8901','Ativo'),
('25234567904','André Souza','(51)95678-9012','Ativo'),
('26234567905','Simone Rocha','(61)96789-0123','Ativo'),
('27234567906','Paulo Martins','(71)97890-1234','Ativo'),
('28234567907','Letícia Costa','(81)98901-2345','Ativo'),
('29234567908','Felipe Oliveira','(91)99012-3456','Ativo'),
('30234567909','Tatiana Gomes','(11)90123-4567','Ativo'),
('31234567910','Alexandre Carvalho','(11)91234-5678','Ativo'),
('32234567911','Caroline Souza','(21)92345-6789','Ativo'),
('33234567912','Vinicius Fernandes','(31)93456-7890','Ativo'),
('34234567913','Marisa Santana','(41)94567-8901','Ativo'),
('35234567914','Renan Ribeiro','(51)95678-9012','Ativo'),
('36234567915','Lúcia Martins','(61)96789-0123','Ativo'),
('37234567916','Murilo Lima','(71)97890-1234','Ativo'),
('38234567917','Sabrina Castro','(81)98901-2345','Ativo'),
('39234567918','Diego Almeida','(91)99012-3456','Ativo'),
('40234567919','Carla Fernandes','(11)90123-4567','Ativo'),
('41234567920','Rogério Silva','(11)91234-5678','Ativo'),
('42234567921','Aline Ribeiro','(21)92345-6789','Ativo'),
('43234567922','Felipe Costa','(31)93456-7890','Ativo'),
('44234567923','Patrícia Lima','(41)94567-8901','Ativo'),
('45234567924','Lucas Martins','(51)95678-9012','Ativo'),
('46234567925','Mariana Souza','(61)96789-0123','Ativo'),
('47234567926','Ricardo Oliveira','(71)97890-1234','Ativo'),
('48234567927','Vanessa Santos','(81)98901-2345','Ativo'),
('49234567928','Tiago Fernandes','(91)99012-3456','Ativo'),
('50234567929','Gabriela Rocha','(11)90123-4567','Ativo');

insert into veiculos(placa, modelo, ano, capacidade, status) values
('ABC1234','Volkswagen Kombi',2010,5,'Ativo'),
('DEF5678','Fiat Fiorino',2012,4,'Ativo'),
('GHI9012','Mercedes Sprinter',2015,12,'Ativo'),
('JKL3456','Renault Master',2016,10,'Ativo'),
('MNO7890','Ford Transit',2018,15,'Ativo'),
('PQR1234','Iveco Daily',2014,14,'Ativo'),
('STU5678','Volkswagen Delivery',2017,8,'Ativo'),
('VWX9012','Fiat Ducato',2013,10,'Ativo'),
('YZA3456','Hyundai HR',2019,5,'Ativo'),
('BCD7890','Chevrolet S10',2020,5,'Ativo'),
('EFG1234','Toyota Hilux',2018,5,'Ativo'),
('HIJ5678','Volkswagen Amarok',2017,5,'Ativo'),
('KLM9012','Ford Ranger',2019,5,'Ativo'),
('NOP3456','Mercedes Actros',2016,18,'Ativo'),
('QRS7890','Scania P340',2015,20,'Ativo'),
('TUV1234','Volvo FH',2018,20,'Ativo'),
('WXY5678','Iveco Eurocargo',2017,12,'Ativo'),
('ZAB9012','Volkswagen Constellation',2014,16,'Ativo'),
('CDE3456','Ford Cargo',2016,15,'Ativo'),
('FGH7890','Mercedes Atego',2015,14,'Ativo'),
('IJK1234','Renault Premium',2018,18,'Ativo'),
('LMN5678','Volvo VM',2019,16,'Ativo'),
('OPQ9012','Scania G420',2017,20,'Ativo'),
('RST3456','Mercedes Benz 1218',2016,12,'Ativo'),
('UVW7890','Volkswagen 24.280',2015,14,'Ativo'),
('XYZ1234','Iveco Tector',2018,12,'Ativo'),
('ABC5678','Ford F-4000',2014,10,'Ativo'),
('DEF9012','Chevrolet D-20',2013,5,'Ativo'),
('GHI3456','Toyota Bandeirante',2012,5,'Ativo'),
('JKL7890','Fiat Strada',2020,2,'Ativo'),
('MNO1234','Volkswagen Saveiro',2019,2,'Ativo'),
('PQR5678','Renault Kangoo',2018,3,'Ativo'),
('STU9012','Fiat Doblo',2017,3,'Ativo'),
('VWX3456','Hyundai H100',2016,6,'Ativo'),
('YZA7890','Mercedes Sprinter Van',2015,12,'Ativo'),
('BCD1234','Ford Transit Van',2014,14,'Ativo'),
('EFG5678','Volkswagen Crafter',2019,10,'Ativo'),
('HIJ9012','Iveco Daily Van',2018,12,'Ativo'),
('KLM3456','Renault Master Van',2017,10,'Ativo'),
('NOP7890','Fiat Ducato Van',2016,10,'Ativo'),
('QRS1234','Volkswagen Constellation Truck',2015,16,'Ativo'),
('TUV5678','Mercedes Actros Truck',2014,18,'Ativo'),
('WXY9012','Scania R450',2019,20,'Ativo'),
('ZAB3456','Volvo FH Truck',2018,20,'Ativo'),
('CDE7890','Iveco Stralis',2017,18,'Ativo'),
('FGH1234','Ford Cargo Truck',2016,15,'Ativo'),
('IJK5678','Volkswagen Delivery Van',2015,8,'Ativo'),
('LMN9012','Mercedes Benz 710',2014,12,'Ativo'),
('OPQ3456','Renault Midlum',2013,14,'Ativo'),
('RST7890','Scania P310',2012,16,'Ativo'),
('UVW1234','Volvo VM Truck',2011,18,'Ativo'),
('XYZ5678','Iveco Daily Truck',2010,12,'Ativo'),
('ABC9012','Fiat Fiorino Cargo',2019,4,'Ativo'),
('DEF3456','Volkswagen Kombi Cargo',2018,5,'Ativo');

insert into rotas(origem, destino, distancia, prazo) values
('São Paulo','Rio de Janeiro',430,'2 dias'),
('Belo Horizonte','São Paulo',586,'3 dias'),
('Curitiba','Porto Alegre',710,'3 dias'),
('Recife','Salvador',800,'4 dias'),
('Fortaleza','Natal',528,'2 dias'),
('Manaus','Belém',1500,'5 dias'),
('Brasília','Goiânia',209,'1 dia'),
('São Luís','Teresina',320,'2 dias'),
('Campo Grande','Cuiabá',1100,'4 dias'),
('João Pessoa','Maceió',570,'2 dias'),
('Florianópolis','Joinville',130,'1 dia'),
('Vitória','Belo Horizonte',520,'3 dias'),
('Rio Branco','Porto Velho',640,'3 dias'),
('Macapá','Belém',345,'2 dias'),
('Palmas','Goiânia',770,'3 dias'),
('Aracaju','Maceió',320,'1 dia'),
('Natal','Recife',300,'1 dia'),
('São Paulo','Curitiba',408,'2 dias'),
('Rio de Janeiro','Belo Horizonte',434,'2 dias'),
('Salvador','Fortaleza',1090,'4 dias'),
('Brasília','São Paulo',1010,'4 dias'),
('Belém','Manaus',1500,'5 dias'),
('Porto Alegre','Florianópolis',470,'2 dias'),
('Cuiabá','Campo Grande',1100,'4 dias'),
('Goiânia','Brasília',209,'1 dia'),
('Recife','Natal',300,'1 dia'),
('Maceió','Aracaju',320,'1 dia'),
('Fortaleza','Salvador',1090,'4 dias'),
('São Luís','Teresina',320,'2 dias'),
('Joinville','Florianópolis',130,'1 dia'),
('Belo Horizonte','Vitória',520,'3 dias'),
('Porto Velho','Rio Branco',640,'3 dias'),
('Belém','Macapá',345,'2 dias'),
('Goiânia','Palmas',770,'3 dias'),
('Maceió','Aracaju',320,'1 dia'),
('Recife','Natal',300,'1 dia'),
('Curitiba','São Paulo',408,'2 dias'),
('Belo Horizonte','Rio de Janeiro',434,'2 dias'),
('Fortaleza','Salvador',1090,'4 dias'),
('São Paulo','Brasília',1010,'4 dias'),
('Manaus','Belém',1500,'5 dias'),
('Florianópolis','Porto Alegre',470,'2 dias'),
('Campo Grande','Cuiabá',1100,'4 dias'),
('Brasília','Goiânia',209,'1 dia'),
('Natal','Recife',300,'1 dia'),
('Aracaju','Maceió',320,'1 dia'),
('Salvador','Fortaleza',1090,'4 dias'),
('Teresina','São Luís',320,'2 dias'),
('Joinville','Florianópolis',130,'1 dia'),
('Vitória','Belo Horizonte',520,'3 dias'),
('Rio Branco','Porto Velho',640,'3 dias');

insert into entregas(clientes_id, veiculos_id, rotas_id, data_saida, previsao, entrega_real, status) values
(1,1,1,'2025-01-01','2025-01-03','2025-01-03','concluída'),
(2,2,2,'2025-01-02','2025-01-05',NULL,'em andamento'),
(3,3,3,'2025-01-03','2025-01-06','2025-01-06','concluída'),
(4,4,4,'2025-01-04','2025-01-08',NULL,'em andamento'),
(5,5,5,'2025-01-05','2025-01-07','2025-01-07','concluída'),
(6,6,6,'2025-01-06','2025-01-09',NULL,'em andamento'),
(7,7,7,'2025-01-07','2025-01-10','2025-01-10','concluída'),
(8,8,8,'2025-01-08','2025-01-11',NULL,'em andamento'),
(9,9,9,'2025-01-09','2025-01-12','2025-01-12','concluída'),
(10,10,10,'2025-01-10','2025-01-13',NULL,'em andamento'),
(11,11,11,'2025-02-01','2025-02-03','2025-02-03','concluída'),
(12,12,12,'2025-02-02','2025-02-05',NULL,'em andamento'),
(13,13,13,'2025-02-03','2025-02-06','2025-02-06','concluída'),
(14,14,14,'2025-02-04','2025-02-08',NULL,'em andamento'),
(15,15,15,'2025-02-05','2025-02-07','2025-02-07','concluída'),
(16,16,16,'2025-02-06','2025-02-09',NULL,'em andamento'),
(17,17,17,'2025-02-07','2025-02-10','2025-02-10','concluída'),
(18,18,18,'2025-02-08','2025-02-12',NULL,'em andamento'),
(19,19,19,'2025-02-09','2025-02-11','2025-02-11','concluída'),
(20,20,20,'2025-02-10','2025-02-13',NULL,'em andamento'),
(21,21,21,'2025-03-01','2025-03-03','2025-03-03','concluída'),
(22,22,22,'2025-03-02','2025-03-05',NULL,'em andamento'),
(23,23,23,'2025-03-03','2025-03-06','2025-03-06','concluída'),
(24,24,24,'2025-03-04','2025-03-08',NULL,'em andamento'),
(25,25,25,'2025-03-05','2025-03-07','2025-03-07','concluída'),
(26,26,26,'2025-03-06','2025-03-09',NULL,'em andamento'),
(27,27,27,'2025-03-07','2025-03-10','2025-03-10','concluída'),
(28,28,28,'2025-03-08','2025-03-12',NULL,'em andamento'),
(29,29,29,'2025-03-09','2025-03-11','2025-03-11','concluída'),
(30,30,30,'2025-03-10','2025-03-13',NULL,'em andamento'),
(31,31,31,'2025-04-01','2025-04-03','2025-04-03','concluída'),
(32,32,32,'2025-04-02','2025-04-05',NULL,'em andamento'),
(33,33,33,'2025-04-03','2025-04-06','2025-04-06','concluída'),
(34,34,34,'2025-04-04','2025-04-08',NULL,'em andamento'),
(35,35,35,'2025-04-05','2025-04-07','2025-04-07','concluída'),
(36,36,36,'2025-04-06','2025-04-09',NULL,'em andamento'),
(37,37,37,'2025-04-07','2025-04-10','2025-04-10','concluída'),
(38,38,38,'2025-04-08','2025-04-12',NULL,'em andamento'),
(39,39,39,'2025-04-09','2025-04-11','2025-04-11','concluída'),
(40,40,40,'2025-04-10','2025-04-13',NULL,'em andamento'),
(41,41,41,'2025-05-01','2025-05-03','2025-05-03','concluída'),
(42,42,42,'2025-05-02','2025-05-05',NULL,'em andamento'),
(43,43,43,'2025-05-03','2025-05-06','2025-05-06','concluída'),
(44,44,44,'2025-05-04','2025-05-08',NULL,'em andamento'),
(45,45,45,'2025-05-05','2025-05-07','2025-05-07','concluída'),
(46,46,46,'2025-05-06','2025-05-09',NULL,'em andamento'),
(47,47,47,'2025-05-07','2025-05-10','2025-05-10','concluída'),
(48,48,48,'2025-05-08','2025-05-12',NULL,'em andamento'),
(49,49,49,'2025-05-09','2025-05-11','2025-05-11','concluída'),
(50,50,50,'2025-05-10','2025-05-13',NULL,'em andamento');

insert into ocorrencia(entregas_id, tipo, descricao, data_ocorrencia) values
(2,'Atraso','Entrega atrasada devido a trânsito intenso','2025-01-05 14:30:00'),
(4,'Avaria','Produto danificado durante transporte','2025-01-08 10:00:00'),
(6,'Extravio','Mercadoria perdida em rota de entrega','2025-01-09 16:15:00'),
(8,'Atraso','Motorista desviou por obras na rodovia','2025-01-11 12:00:00'),
(10,'Avaria','Embalagem rompida durante manobra','2025-01-13 09:45:00'),
(12,'Extravio','Pacote não localizado no depósito','2025-02-05 17:20:00'),
(14,'Atraso','Chuva intensa dificultou deslocamento','2025-02-08 15:10:00'),
(16,'Avaria','Veículo sofreu dano mecânico','2025-02-09 08:30:00'),
(18,'Extravio','Entrega sumiu do inventário','2025-02-12 13:00:00'),
(20,'Atraso','Fila na alfândega atrasou entrega','2025-02-13 18:45:00'),
(22,'Avaria','Carga molhada por vazamento','2025-03-05 11:30:00'),
(24,'Extravio','Produto não encontrado no ponto de coleta','2025-03-08 14:00:00'),
(26,'Atraso','Acidente na estrada','2025-03-09 10:00:00'),
(28,'Avaria','Caixas amassadas durante transporte','2025-03-12 09:15:00'),
(30,'Extravio','Entrega desaparecida','2025-03-13 17:50:00'),
(32,'Atraso','Greve de caminhoneiros','2025-04-05 12:00:00'),
(34,'Avaria','Danos ao veículo e carga','2025-04-08 08:20:00'),
(36,'Extravio','Pacote extraviado no depósito','2025-04-09 15:45:00'),
(38,'Atraso','Condições climáticas adversas','2025-04-12 13:30:00'),
(40,'Avaria','Produtos quebrados durante manuseio','2025-04-13 10:50:00'),
(42,'Extravio','Objeto perdido na entrega','2025-05-05 14:10:00'),
(44,'Atraso','Trânsito congestionado','2025-05-08 16:00:00'),
(46,'Avaria','Cargas derramadas no veículo','2025-05-09 09:20:00'),
(48,'Extravio','Entrega desaparecida durante transporte','2025-05-12 11:35:00'),
(50,'Atraso','Motorista se perdeu na rota','2025-05-13 14:00:00'),
(1,'Avaria','Produto danificado ao carregar veículo','2025-01-03 09:30:00'),
(3,'Extravio','Entrega não localizada','2025-01-06 13:20:00'),
(5,'Atraso','Obra na rodovia atrasou o transporte','2025-01-07 10:15:00'),
(7,'Avaria','Carga danificada','2025-01-10 08:50:00'),
(9,'Extravio','Pacote perdido no depósito','2025-01-12 17:40:00'),
(11,'Atraso','Trânsito intenso','2025-02-03 12:30:00'),
(13,'Avaria','Produto amassado','2025-02-06 14:00:00'),
(15,'Extravio','Objeto extraviado','2025-02-07 15:25:00'),
(17,'Atraso','Chuvas fortes','2025-02-10 09:40:00'),
(19,'Avaria','Mercadoria danificada durante transporte','2025-02-11 11:50:00'),
(21,'Extravio','Pacote não encontrado','2025-03-03 16:10:00'),
(23,'Atraso','Engarrafamento','2025-03-06 13:30:00'),
(25,'Avaria','Produto quebrado','2025-03-07 09:50:00'),
(27,'Extravio','Entrega sumiu no depósito','2025-03-10 14:25:00'),
(29,'Atraso','Acidente na estrada','2025-03-11 12:15:00'),
(31,'Avaria','Danos à carga','2025-04-03 08:30:00'),
(33,'Extravio','Pacote perdido','2025-04-06 15:40:00'),
(35,'Atraso','Greve afetou transporte','2025-04-07 09:00:00'),
(37,'Avaria','Carga molhada','2025-04-10 11:20:00'),
(39,'Extravio','Entrega desaparecida','2025-04-11 14:50:00'),
(41,'Atraso','Trânsito intenso','2025-05-03 13:15:00'),
(43,'Avaria','Produto danificado','2025-05-06 10:45:00'),
(45,'Extravio','Pacote perdido','2025-05-07 12:30:00'),
(47,'Atraso','Condições climáticas','2025-05-10 16:05:00'),
(49,'Avaria','Danos na carga durante transporte','2025-05-11 09:10:00');

insert into pagamentos(clientes_id, entregas_id, valor, forma, status) values
(1,1,1500.00,'Boleto','Concluido'),
(2,2,2300.50,'Cartão','Nao concluido'),
(3,3,1200.75,'Pix','Concluido'),
(4,4,3100.00,'Boleto','Nao concluido'),
(5,5,1750.25,'Cartão','Concluido'),
(6,6,2000.00,'Pix','Nao concluido'),
(7,7,4500.50,'Boleto','Concluido'),
(8,8,2900.00,'Cartão','Nao concluido'),
(9,9,3300.75,'Pix','Concluido'),
(10,10,2500.00,'Boleto','Nao concluido'),
(11,11,1800.00,'Cartão','Concluido'),
(12,12,2200.50,'Pix','Nao concluido'),
(13,13,1400.00,'Boleto','Concluido'),
(14,14,1950.25,'Cartão','Nao concluido'),
(15,15,1700.00,'Pix','Concluido'),
(16,16,2800.00,'Boleto','Nao concluido'),
(17,17,3000.50,'Cartão','Concluido'),
(18,18,2600.00,'Pix','Nao concluido'),
(19,19,3200.75,'Boleto','Concluido'),
(20,20,2400.00,'Cartão','Nao concluido'),
(21,21,1500.00,'Pix','Concluido'),
(22,22,2300.50,'Boleto','Nao concluido'),
(23,23,1200.75,'Cartão','Concluido'),
(24,24,3100.00,'Pix','Nao concluido'),
(25,25,1750.25,'Boleto','Concluido'),
(26,26,2000.00,'Cartão','Nao concluido'),
(27,27,4500.50,'Pix','Concluido'),
(28,28,2900.00,'Boleto','Nao concluido'),
(29,29,3300.75,'Cartão','Concluido'),
(30,30,2500.00,'Pix','Nao concluido'),
(31,31,1800.00,'Boleto','Concluido'),
(32,32,2200.50,'Cartão','Nao concluido'),
(33,33,1400.00,'Pix','Concluido'),
(34,34,1950.25,'Boleto','Nao concluido'),
(35,35,1700.00,'Cartão','Concluido'),
(36,36,2800.00,'Pix','Nao concluido'),
(37,37,3000.50,'Boleto','Concluido'),
(38,38,2600.00,'Cartão','Nao concluido'),
(39,39,3200.75,'Pix','Concluido'),
(40,40,2400.00,'Boleto','Nao concluido'),
(41,41,1500.00,'Cartão','Concluido'),
(42,42,2300.50,'Pix','Nao concluido'),
(43,43,1200.75,'Boleto','Concluido'),
(44,44,3100.00,'Cartão','Nao concluido'),
(45,45,1750.25,'Pix','Concluido'),
(46,46,2000.00,'Boleto','Nao concluido'),
(47,47,4500.50,'Cartão','Concluido'),
(48,48,2900.00,'Pix','Nao concluido'),
(49,49,3300.75,'Boleto','Concluido'),
(50,50,2500.00,'Cartão','Nao concluido');

insert into funcionarios_ADM(matricula, nome, setor, contato) values
(1001,'Carlos Silva','Logística','(61)91234-5678'),
(1002,'Fernanda Souza','Financeiro','(61)92345-6789'),
(1003,'Marcos Oliveira','Atendimento','(61)93456-7890'),
(1004,'Patrícia Lima','TI','(61)94567-8901'),
(1005,'Rafael Santos','RH','(61)95678-9012'),
(1006,'Juliana Costa','Operações','(61)96789-0123'),
(1007,'André Martins','Financeiro','(61)97890-1234'),
(1008,'Aline Rocha','Logística','(61)98901-2345'),
(1009,'Bruno Carvalho','TI','(61)99012-3456'),
(1010,'Camila Dias','Atendimento','(61)90123-4567'),
(1011,'Daniela Gomes','RH','(61)91234-5678'),
(1012,'Eduardo Pereira','Operações','(61)92345-6789'),
(1013,'Flávia Fernandes','Financeiro','(61)93456-7890'),
(1014,'Gabriel Lima','Logística','(61)94567-8901'),
(1015,'Helena Rocha','TI','(61)95678-9012'),
(1016,'Igor Almeida','Atendimento','(61)96789-0123'),
(1017,'Jéssica Souza','RH','(61)97890-1234'),
(1018,'Leandro Santos','Operações','(61)98901-2345'),
(1019,'Marcelo Costa','Financeiro','(61)99012-3456'),
(1020,'Natália Martins','Logística','(61)90123-4567'),
(1021,'Otávio Lima','TI','(61)91234-5678'),
(1022,'Priscila Dias','Atendimento','(61)92345-6789'),
(1023,'Ricardo Rocha','RH','(61)93456-7890'),
(1024,'Sabrina Carvalho','Operações','(61)94567-8901'),
(1025,'Thiago Gomes','Financeiro','(61)95678-9012'),
(1026,'Vanessa Almeida','Logística','(61)96789-0123'),
(1027,'Wagner Pereira','TI','(61)97890-1234'),
(1028,'Yasmin Fernandes','Atendimento','(61)98901-2345'),
(1029,'Alexandre Costa','RH','(61)99012-3456'),
(1030,'Beatriz Martins','Operações','(61)90123-4567'),
(1031,'Caio Rocha','Financeiro','(61)91234-5678'),
(1032,'Daniela Lima','Logística','(61)92345-6789'),
(1033,'Eduardo Santos','TI','(61)93456-7890'),
(1034,'Fabiana Dias','Atendimento','(61)94567-8901'),
(1035,'Gustavo Oliveira','RH','(61)95678-9012'),
(1036,'Heloísa Souza','Operações','(61)96789-0123'),
(1037,'Igor Rocha','Financeiro','(61)97890-1234'),
(1038,'Juliana Martins','Logística','(61)98901-2345'),
(1039,'Kleber Costa','TI','(61)99012-3456'),
(1040,'Larissa Almeida','Atendimento','(61)90123-4567'),
(1041,'Marcelo Rocha','RH','(61)91234-5678'),
(1042,'Natália Santos','Operações','(61)92345-6789'),
(1043,'Otávio Gomes','Financeiro','(61)93456-7890'),
(1044,'Paula Dias','Logística','(61)94567-8901'),
(1045,'Rafael Martins','TI','(61)95678-9012'),
(1046,'Sofia Rocha','Atendimento','(61)96789-0123'),
(1047,'Thiago Costa','RH','(61)97890-1234'),
(1048,'Valéria Almeida','Operações','(61)98901-2345'),
(1049,'Wellington Pereira','Financeiro','(61)99012-3456'),
(1050,'Yara Fernandes','Logística','(61)90123-4567');


SELECT * FROM funcionarios_ADM;
SELECT * FROM pagamentos;
SELECT * FROM ocorrencia;
SELECT * FROM entregas;
SELECT * FROM rotas;
SELECT * FROM veiculos;
SELECT * FROM clientes;
SELECT * FROM motoristas;